<?xml version="1.0" encoding="UTF-8"?>
<Configuration status="WARN">
	<Properties>
		<Property name="baseDir">C:\Users\sai_chavatapalli\eclipse-workspace\com.orangeHRMMiniProject\src\test\outputFiles\Log4jFiles</Property>
	</Properties>
	<Appenders>
		<RollingFile name="RollingFile" fileName="${baseDir}/app.log"
			filePattern="${baseDir}/$${date:yyyy-MM}/app-%d{MM-dd-yyyy}-%i.log.gz">
			<PatternLayout>
				<Pattern>%d{dd:MM:yyyy - HH:mm:ss.SSS} %-3p %C{3} [%t] - %m%n
				</Pattern>
			</PatternLayout>
			<Policies>
				<SizeBasedTriggeringPolicy size="20MB" />
			</Policies>
		</RollingFile>
		<Console name="Console" target="SYSTEM_OUT">
			<PatternLayout
				pattern="%d{HH:mm:ss.SSS} [%t] %-5level %logger{3} - %m%n" />
		</Console>
	</Appenders>
	<Loggers>
		<!-- 
		<Logger name="com.orangeHRM" level="trace"
			additivity="false">
			<AppenderRef ref="Console" />
		</Logger>
		 -->
	
		<Logger name="com.orangeHRM" level="error"
			additivity="false">
			<AppenderRef ref="RollingFile" />
		</Logger>
		<Root level="info" additivity="false">
			<AppenderRef ref="RollingFile" />
		</Root>
	</Loggers>
</Configuration>