<?xml version="1.0" encoding="UTF-8"?>
<!DOCTYPE suite SYSTEM "https://testng.org/testng-1.0.dtd">
<suite name="Suite">
 <!-- Test -->
	<test name="Test1">
		<classes>
			<class name="tests.AdminPageTest" />
		</classes>
	</test>
	<test name="Test2">
		<classes>
			<class name="tests.PIMPageTest"/>
		</classes>
	</test>
	<test name="Test3">
		<classes>
			<class name="tests.LeavePageTest"/>
		</classes>
	</test>
	<test name="Test4">
		<classes>
			 <class name="tests.TimePageTest"/>
		</classes>
	</test>
	<test name="Test5">
		<classes>
			<class name="tests.MyInfoPageTest"/>
		</classes>
	</test>
	<test name="Test6">
		<classes>
			<class name="tests.PerformancePageTest"/>
		</classes>
	</test>
	<test name="Test7">
		<classes>
			<class name="tests.DirectoryPageTest"/>
		</classes>
	</test>
	<test name="Test8">
		<classes>
			<class name="tests.RecruitmentPageTest"/>
		</classes>
	</test>

</suite>